{
    "sample1TeV":{
        "signal_mT":[4.11,403.16,510.81,379.41,88.30,3.09,0.508,0.214,0.09,0.011],
        "Wjets_mT" :[42.39,1002.52,219.5,19.27,5.03,2.33,1.03,0.56,0.079,0.039],
        "WjetsEr_mT":[2.837,13.28,5.946,1.519,0.4877,0.339,0.2027,0.1488,0.05622,0.03976],
        "signal_dnnMass":[4.724,72.52,386.8,699.6,193.8,29.06,2.26,0.5199,0.2034],
        "Wjets_dnnMass":[35.1,232.4,620.1,388.7,9.913,3.406,1.789,0.7951,0.4373],
        "WjetsEr_dnnMass":[2.521,6.429,10.38,8.111,1.029,0.4278,0.2667,0.1778,0.1319]
    },
    "sample2TeV":{
        "signal_mT":[8.164,23.73,23.78,12.74,0.7536],
        "Wjets_mT" :[1130,155.6,6.366,0.8746,0.1193],
        "WjetsEr_mT":[14.08,4.881,0.5493,0.1865,0.0689],
        "signal_dnnMass":[0.1826,3.027,8.651,24.91,25.2,6.914],
        "Wjets_dnnMass":[114,328,554.4,288,8.243,0.159],
        "WjetsEr_dnnMass":[4.497,7.636,9.792,6.885,0.8364,0.07951]
    },
    "sample3TeV":{
        "signal_mT":[0.07555,0.6753,0.8537,0.9451,1.001,1.007,0.9538,0.8556,0.7047],
        "Wjets_mT" :[263.3,929,87.6,7.544,3.63,1.193,0.4373,0.079,0.03976],
        "WjetsEr_mT":[7.04,12.61,3.645,0.6702,0.4345,0.2178,0.1319,0.05622,0.03976],
        "signal_dnnMass":[0.004959,0.1357,0.4195,0.9018,0.9197,0.9343,0.9599,0.9209,0.8439,0.7209],
        "Wjets_dnnMass":[75.97,208.3,606.5,381.1,15.11,3.652,1.55,0.5566,0.07951,0.03976],
        "WjetsEr_dnnMass":[3.688,6.065,10.31,7.991,1.284,0.4626,0.2483,0.1488,0.05622,0.03976]
    },
    "sample4TeV":{
        "signal_mT":[0.01456,0.1073,0.0983,0.0932,0.0926,0.09185,0.08868,0.08625,0.07927],
        "Wjets_mT" :[263.3,929,87.6,7.544,3.63,1.193,0.4373,0.07951,0.03976],
        "WjetsEr_mT":[7.04,12.61,3.645,0.6702,0.4345,0.2178,0.1319,0.05622,0.03976],
        "signal_dnnMass":[3.726e-05,0.02474,0.129,0.1152,0.1107,0.1146,0.1134,0.109,0.09887],
        "Wjets_dnnMass":[27.38,500.4,677.3,78.94,6.782,1.457,0.3976,0.1988,0.03976],
        "WjetsEr_dnnMass":[2.218,9.434,10.77,3.463,0.69,0.2832,0.1257,0.0889,0.03976]
    }, 
    "sample5TeV":{
        "signal_mT":[0.005531,0.03564,0.02465,0.01929,0.01533,0.01339,0.0121,0.01122,0.01034],
        "Wjets_mT" :[263.3,929,87.6,7.544,3.63,1.193,0.4373,0.07951,0.03976],
        "WjetsEr_mT":[7.04,12.61,3.645,0.6702,0.4345,0.2178,0.1319,0.05622,0.03976],
        "signal_dnnMass":[0.01131,0.03535,0.02401,0.01851,0.01492,0.01297,0.01181,0.01096,0.01011,0.009351],
        "Wjets_dnnMass":[162.4,893.8,211.5,19.11,4.085,1.2,0.5566,0.159,0.07951,0.03976],
        "WjetsEr_dnnMass":[5.447,12.5,5.831,1.523,0.4406,0.2625,0.1488,0.07951,0.05622,0.03976]
    }
}